Source:,,C:\Users\Phil\Desktop\PCB\PCB.sch,,,,,
Date:,,2020-06-17 11:18,,,,,
Tool:,,Eeschema (5.1.5)-3,,,,,
Generator:,,C:\Program Files\KiCad\bin\scripting\plugins/bom_csv_grouped_by_value.py,,,,,
Component Count:,,495,,,,,
,,,,,,,
Individual Components:,,,,,,,
,,,,,,,
Item,,Qty,Reference(s),Value,LibPart,Footprint,Datasheet
,,,C1,0.1uF,Device:C,Capacitor_SMD:C_0402_1005Metric,~
,,,C2,100uF,Device:C,Capacitor_SMD:C_0805_2012Metric,~
,,,C3,330nF,Device:C,Capacitor_SMD:C_0603_1608Metric,~
,,,C4,33uF,Device:C,Capacitor_SMD:C_0805_2012Metric,~
,,,C5,100uF,Device:C,Capacitor_SMD:C_1210_3225Metric,~
,,,C6,0.1uF,Device:C,Capacitor_SMD:C_0402_1005Metric,~
,,,C7,100uF,Device:C,Capacitor_SMD:C_1210_3225Metric,~
,,,C8,0.1uF,Device:C,Capacitor_SMD:C_0402_1005Metric,~
,,,C9,0.1uF,Device:C,Capacitor_SMD:C_0402_1005Metric,~
,,,C10,0.1uF,Device:C,Capacitor_SMD:C_0402_1005Metric,~
,,,C11,0.1uF,Device:C,Capacitor_SMD:C_0402_1005Metric,~
,,,C12,0.1uF,Device:C,Capacitor_SMD:C_0402_1005Metric,~
,,,C13,1uF,Device:C,Capacitor_SMD:C_0402_1005Metric,~
,,,C14,1uF,Device:C,Capacitor_SMD:C_0402_1005Metric,~
,,,C15,0.1uF,Device:C,Capacitor_SMD:C_0402_1005Metric,~
,,,C16,0.1uF,Device:C,Capacitor_SMD:C_0402_1005Metric,~
,,,C17,0.1uF,Device:C,Capacitor_SMD:C_0402_1005Metric,~
,,,C18,0.1uF,Device:C,Capacitor_SMD:C_0402_1005Metric,~
,,,C19,0.1uF,Device:C,Capacitor_SMD:C_0402_1005Metric,~
,,,C20,1uF,Device:C,Capacitor_SMD:C_0402_1005Metric,~
,,,C21,1uF,Device:C,Capacitor_SMD:C_0402_1005Metric,~
,,,C22,0.1uF,Device:C,Capacitor_SMD:C_0402_1005Metric,~
,,,C23,0.1uF,Device:C,Capacitor_SMD:C_0402_1005Metric,~
,,,C24,0.1uF,Device:C,Capacitor_SMD:C_0402_1005Metric,~
,,,C25,0.1uF,Device:C,Capacitor_SMD:C_0402_1005Metric,~
,,,C26,0.1uF,Device:C,Capacitor_SMD:C_0402_1005Metric,~
,,,C27,1uF,Device:C,Capacitor_SMD:C_0402_1005Metric,~
,,,C28,1uF,Device:C,Capacitor_SMD:C_0402_1005Metric,~
,,,C29,0.1uF,Device:C,Capacitor_SMD:C_0402_1005Metric,~
,,,C30,0.1uF,Device:C,Capacitor_SMD:C_0402_1005Metric,~
,,,C31,0.1uF,Device:C,Capacitor_SMD:C_0402_1005Metric,~
,,,C32,0.1uF,Device:C,Capacitor_SMD:C_0402_1005Metric,~
,,,C33,0.1uF,Device:C,Capacitor_SMD:C_0402_1005Metric,~
,,,C34,1uF,Device:C,Capacitor_SMD:C_0402_1005Metric,~
,,,C35,1uF,Device:C,Capacitor_SMD:C_0402_1005Metric,~
,,,C36,0.1uF,Device:C,Capacitor_SMD:C_0402_1005Metric,~
,,,C37,0.1uF,Device:C,Capacitor_SMD:C_0402_1005Metric,~
,,,C38,0.1uF,Device:C,Capacitor_SMD:C_0402_1005Metric,~
,,,C39,0.1uF,Device:C,Capacitor_SMD:C_0402_1005Metric,~
,,,C40,0.1uF,Device:C,Capacitor_SMD:C_0402_1005Metric,~
,,,C41,0.1uF,Device:C,Capacitor_SMD:C_0402_1005Metric,~
,,,C42,0.1uF,Device:C,Capacitor_SMD:C_0402_1005Metric,~
,,,C43,0.1uF,Device:C,Capacitor_SMD:C_0402_1005Metric,~
,,,C44,0.1uF,Device:C,Capacitor_SMD:C_0402_1005Metric,~
,,,C45,0.1uF,Device:C,Capacitor_SMD:C_0402_1005Metric,~
,,,C46,0.1uF,Device:C,Capacitor_SMD:C_0402_1005Metric,~
,,,C47,0.1uF,Device:C,Capacitor_SMD:C_0402_1005Metric,~
,,,C48,0.1uF,Device:C,Capacitor_SMD:C_0402_1005Metric,~
,,,C49,0.1uF,Device:C,Capacitor_SMD:C_0402_1005Metric,~
,,,C50,0.1uF,Device:C,Capacitor_SMD:C_0402_1005Metric,~
,,,C51,0.1uF,Device:C,Capacitor_SMD:C_0402_1005Metric,~
,,,C52,0.1uF,Device:C,Capacitor_SMD:C_0402_1005Metric,~
,,,C53,0.1uF,Device:C,Capacitor_SMD:C_0402_1005Metric,~
,,,C54,0.1uF,Device:C,Capacitor_SMD:C_0402_1005Metric,~
,,,C55,0.1uF,Device:C,Capacitor_SMD:C_0402_1005Metric,~
,,,C56,0.1uF,Device:C,Capacitor_SMD:C_0402_1005Metric,~
,,,C57,330nF,Device:C,Capacitor_SMD:C_0603_1608Metric,~
,,,C58,330nF,Device:C,Capacitor_SMD:C_0603_1608Metric,~
,,,C59,330nF,Device:C,Capacitor_SMD:C_0603_1608Metric,~
,,,C60,330nF,Device:C,Capacitor_SMD:C_0603_1608Metric,~
,,,C61,0.1nF,Device:C,Capacitor_SMD:C_0402_1005Metric,~
,,,C62,0.1nF,Device:C,Capacitor_SMD:C_0402_1005Metric,~
,,,C63,NU,Device:C,Capacitor_SMD:C_0402_1005Metric,~
,,,C64,NU,Device:C,Capacitor_SMD:C_0402_1005Metric,~
,,,C65,0.1uF,Device:C,Capacitor_SMD:C_0402_1005Metric,~
,,,C66,0.1uF,Device:C,Capacitor_SMD:C_0402_1005Metric,~
,,,C67,0.1uF,Device:C,Capacitor_SMD:C_0402_1005Metric,~
,,,C68,0.1uF,Device:C,Capacitor_SMD:C_0402_1005Metric,~
,,,C69,0.1uF,Device:C,Capacitor_SMD:C_0402_1005Metric,~
,,,C70,0.1uF,Device:C,Capacitor_SMD:C_0402_1005Metric,~
,,,C71,0.1uF,Device:C,Capacitor_SMD:C_0402_1005Metric,~
,,,C72,0.1uF,Device:C,Capacitor_SMD:C_0402_1005Metric,~
,,,C73,1uF,Device:C,Capacitor_SMD:C_0402_1005Metric,~
,,,C74,1uF,Device:C,Capacitor_SMD:C_0402_1005Metric,~
,,,C75,0.1uF,Device:C,Capacitor_SMD:C_0402_1005Metric,~
,,,C76,0.1uF,Device:C,Capacitor_SMD:C_0402_1005Metric,~
,,,C77,0.1uF,Device:C,Capacitor_SMD:C_0402_1005Metric,~
,,,C78,0.1uF,Device:C,Capacitor_SMD:C_0402_1005Metric,~
,,,C79,0.1uF,Device:C,Capacitor_SMD:C_0402_1005Metric,~
,,,C80,1uF,Device:C,Capacitor_SMD:C_0402_1005Metric,~
,,,C81,1uF,Device:C,Capacitor_SMD:C_0402_1005Metric,~
,,,C82,0.1uF,Device:C,Capacitor_SMD:C_0402_1005Metric,~
,,,C83,0.1uF,Device:C,Capacitor_SMD:C_0402_1005Metric,~
,,,C84,0.1uF,Device:C,Capacitor_SMD:C_0402_1005Metric,~
,,,C85,0.1uF,Device:C,Capacitor_SMD:C_0402_1005Metric,~
,,,C86,0.1uF,Device:C,Capacitor_SMD:C_0402_1005Metric,~
,,,C87,1uF,Device:C,Capacitor_SMD:C_0402_1005Metric,~
,,,C88,1uF,Device:C,Capacitor_SMD:C_0402_1005Metric,~
,,,C89,0.1uF,Device:C,Capacitor_SMD:C_0402_1005Metric,~
,,,C90,0.1uF,Device:C,Capacitor_SMD:C_0402_1005Metric,~
,,,C91,0.1uF,Device:C,Capacitor_SMD:C_0402_1005Metric,~
,,,C92,0.1uF,Device:C,Capacitor_SMD:C_0402_1005Metric,~
,,,C93,0.1uF,Device:C,Capacitor_SMD:C_0402_1005Metric,~
,,,C94,1uF,Device:C,Capacitor_SMD:C_0402_1005Metric,~
,,,C95,1uF,Device:C,Capacitor_SMD:C_0402_1005Metric,~
,,,C96,0.1uF,Device:C,Capacitor_SMD:C_0402_1005Metric,~
,,,C97,0.1uF,Device:C,Capacitor_SMD:C_0402_1005Metric,~
,,,C98,330nF,Device:C,Capacitor_SMD:C_0603_1608Metric,~
,,,C99,330nF,Device:C,Capacitor_SMD:C_0603_1608Metric,~
,,,C100,0.1nF,Device:C,Capacitor_SMD:C_0402_1005Metric,~
,,,C101,NU,Device:C,Capacitor_SMD:C_0402_1005Metric,~
,,,C102,330nF,Device:C,Capacitor_SMD:C_0603_1608Metric,~
,,,C103,330nF,Device:C,Capacitor_SMD:C_0603_1608Metric,~
,,,C104,330nF,Device:C,Capacitor_SMD:C_0603_1608Metric,~
,,,C105,330nF,Device:C,Capacitor_SMD:C_0603_1608Metric,~
,,,C106,0.1nF,Device:C,Capacitor_SMD:C_0402_1005Metric,~
,,,C107,0.1nF,Device:C,Capacitor_SMD:C_0402_1005Metric,~
,,,C108,NU,Device:C,Capacitor_SMD:C_0402_1005Metric,~
,,,C109,NU,Device:C,Capacitor_SMD:C_0402_1005Metric,~
,,,C110,0.1uF,Device:C,Capacitor_SMD:C_0402_1005Metric,~
,,,C111,330nF,Device:C,Capacitor_SMD:C_0603_1608Metric,~
,,,C112,330nF,Device:C,Capacitor_SMD:C_0603_1608Metric,~
,,,C113,330nF,Device:C,Capacitor_SMD:C_0603_1608Metric,~
,,,C114,330nF,Device:C,Capacitor_SMD:C_0603_1608Metric,~
,,,C115,0.1nF,Device:C,Capacitor_SMD:C_0402_1005Metric,~
,,,C116,0.1nF,Device:C,Capacitor_SMD:C_0402_1005Metric,~
,,,C117,NU,Device:C,Capacitor_SMD:C_0402_1005Metric,~
,,,C118,NU,Device:C,Capacitor_SMD:C_0402_1005Metric,~
,,,C119,0.1uF,Device:C,Capacitor_SMD:C_0402_1005Metric,~
,,,C120,330nF,Device:C,Capacitor_SMD:C_0603_1608Metric,~
,,,C121,330nF,Device:C,Capacitor_SMD:C_0603_1608Metric,~
,,,C122,330nF,Device:C,Capacitor_SMD:C_0603_1608Metric,~
,,,C123,330nF,Device:C,Capacitor_SMD:C_0603_1608Metric,~
,,,C124,0.1nF,Device:C,Capacitor_SMD:C_0402_1005Metric,~
,,,C125,0.1nF,Device:C,Capacitor_SMD:C_0402_1005Metric,~
,,,C126,NU,Device:C,Capacitor_SMD:C_0402_1005Metric,~
,,,C127,NU,Device:C,Capacitor_SMD:C_0402_1005Metric,~
,,,C128,0.1uF,Device:C,Capacitor_SMD:C_0402_1005Metric,~
,,,D1,FSV1045V,pspice:DIODE,Package_TO_SOT_SMD:TO-277A,~
,,,D2,SMAJ9.0CA-E3/61,Device:D_TVS,Diode_SMD:D_SMA,~
,,,D3,SMAJ9.0CA-E3/61,Device:D_TVS,Diode_SMD:D_SMA,~
,,,D4,SMAJ9.0CA-E3/61,Device:D_TVS,Diode_SMD:D_SMA,~
,,,D5,SMAJ9.0CA-E3/61,Device:D_TVS,Diode_SMD:D_SMA,~
,,,D6,SMAJ9.0CA-E3/61,Device:D_TVS,Diode_SMD:D_SMA,~
,,,D7,SMAJ9.0CA-E3/61,Device:D_TVS,Diode_SMD:D_SMA,~
,,,D8,SMAJ9.0CA-E3/61,Device:D_TVS,Diode_SMD:D_SMA,~
,,,D9,SMAJ9.0CA-E3/61,Device:D_TVS,Diode_SMD:D_SMA,~
,,,D10,SMAJ9.0CA-E3/61,Device:D_TVS,Diode_SMD:D_SMA,~
,,,D11,SMAJ9.0CA-E3/61,Device:D_TVS,Diode_SMD:D_SMA,~
,,,D12,SMAJ9.0CA-E3/61,Device:D_TVS,Diode_SMD:D_SMA,~
,,,D13,SMAJ9.0CA-E3/61,Device:D_TVS,Diode_SMD:D_SMA,~
,,,D14,SMAJ9.0CA-E3/61,Device:D_TVS,Diode_SMD:D_SMA,~
,,,D15,SMAJ9.0CA-E3/61,Device:D_TVS,Diode_SMD:D_SMA,~
,,,D16,SMAJ9.0CA-E3/61,Device:D_TVS,Diode_SMD:D_SMA,~
,,,D17,SMAJ9.0CA-E3/61,Device:D_TVS,Diode_SMD:D_SMA,~
,,,D18,SMAJ9.0CA-E3/61,Device:D_TVS,Diode_SMD:D_SMA,~
,,,D19,SMAJ9.0CA-E3/61,Device:D_TVS,Diode_SMD:D_SMA,~
,,,F1,0225004.HXUP,Device:Fuse,PCB:Fuse5x15mm,~
,,,F2,2JQ 500-R,Device:Fuse,PCB:Fuse5x15mm,~
,,,F3,2JQ 500-R,Device:Fuse,PCB:Fuse5x15mm,~
,,,J1,PASSIVE_CHANNELS,Connector:Screw_Terminal_01x16,"TerminalBlock_Phoenix:TerminalBlock_Phoenix_PT-1,5-16-5.0-H_1x16_P5.00mm_Horizontal",~
,,,J2,PASSIVE_CHANNELS,Connector:Screw_Terminal_01x16,"TerminalBlock_Phoenix:TerminalBlock_Phoenix_PT-1,5-16-5.0-H_1x16_P5.00mm_Horizontal",~
,,,J3,PASSIVE_CHANNELS,Connector:Screw_Terminal_01x16,"TerminalBlock_Phoenix:TerminalBlock_Phoenix_PT-1,5-16-5.0-H_1x16_P5.00mm_Horizontal",~
,,,J4,12V+,Connector:Screw_Terminal_01x01,PCB:30ATerminal,~
,,,J5,12V-,Connector:Screw_Terminal_01x01,PCB:30ATerminal,~
,,,J6,5V_PI,Connector:Screw_Terminal_01x02,"TerminalBlock_Phoenix:TerminalBlock_Phoenix_PT-1,5-2-5.0-H_1x02_P5.00mm_Horizontal",~
,,,J7,5V_PI,Connector:Screw_Terminal_01x02,"TerminalBlock_Phoenix:TerminalBlock_Phoenix_PT-1,5-2-5.0-H_1x02_P5.00mm_Horizontal",~
,,,J8,ACTIVE_5W_CHANNELS,Connector:Screw_Terminal_01x16,"TerminalBlock_Phoenix:TerminalBlock_Phoenix_PT-1,5-16-5.0-H_1x16_P5.00mm_Horizontal",~
,,,J9,5V_PI,Connector:Screw_Terminal_01x02,"TerminalBlock_Phoenix:TerminalBlock_Phoenix_PT-1,5-2-5.0-H_1x02_P5.00mm_Horizontal",~
,,,J10,USB_RASPBERRY,Connector:USB_A,PCB:USB_A_Stewart_SS-52100-001_Horizontal, ~
,,,J11,USB_ARDUINO,Connector:USB_A,PCB:USB_A_Stewart_SS-52100-001_Horizontal, ~
,,,J12,100W_ch+,Connector:Screw_Terminal_01x01,PCB:30ATerminal,~
,,,J13,100W_ch-,Connector:Screw_Terminal_01x01,PCB:30ATerminal,~
,,,J14,100W_sense,Connector:Screw_Terminal_01x02,"TerminalBlock_Phoenix:TerminalBlock_Phoenix_PT-1,5-2-5.0-H_1x02_P5.00mm_Horizontal",~
,,,J15,PowerMosGate,Connector:Screw_Terminal_01x02,"TerminalBlock_Phoenix:TerminalBlock_Phoenix_PT-1,5-2-5.0-H_1x02_P5.00mm_Horizontal",~
,,,J16,PowerMosDrain,Connector:Screw_Terminal_01x01,PCB:30ATerminal,~
,,,J17,PowerMosSource,Connector:Screw_Terminal_01x01,PCB:30ATerminal,~
,,,L1,MMZ2012R601AT000,Device:L,Inductor_SMD:L_0805_2012Metric_Pad1.15x1.40mm_HandSolder,~
,,,L2,L,Device:L,PCB:TraceInductor,~
,,,L3,L,Device:L,PCB:TraceInductor,~
,,,L4,L,Device:L,PCB:TraceInductor,~
,,,L5,L,Device:L,PCB:TraceInductor,~
,,,L6,L,Device:L,PCB:TraceInductor,~
,,,L7,L,Device:L,PCB:TraceInductor,~
,,,L8,L,Device:L,PCB:TraceInductor,~
,,,L9,L,Device:L,PCB:TraceInductor,~
,,,L10,L,Device:L,PCB:TraceInductor,~
,,,L11,L,Device:L,PCB:TraceInductor,~
,,,L12,L,Device:L,PCB:TraceInductor,~
,,,L13,L,Device:L,PCB:TraceInductor,~
,,,L14,L,Device:L,PCB:TraceInductor,~
,,,L15,L,Device:L,PCB:TraceInductor,~
,,,L16,L,Device:L,PCB:TraceInductor,~
,,,L17,L,Device:L,PCB:TraceInductor,~
,,,L18,L,Device:L,PCB:TraceInductor,~
,,,L19,L,Device:L,PCB:TraceInductor,~
,,,Q1,BT137-600,Triac_Thyristor:BT136-600,PCB:TO-220-3_Horizontal_TabDown_AccessHole,http://www.ween-semi.com/sites/default/files/2018-10/bt136-600.pdf
,,,Q2,IRLB3813PbF,Device:Q_NMOS_DGS,PCB:TO-220-3_Horizontal_TabDown_AccessHole,~
,,,Q3,IRLB3813PbF,Device:Q_NMOS_DGS,PCB:TO-220-3_Horizontal_TabDown_AccessHole,~
,,,Q4,IRLB3813PBF,Device:Q_NMOS_DGS,PCB:TO-220-3_Horizontal_TabDown_AccessHole,~
,,,Q5,IRLB3813PBF,Device:Q_NMOS_DGS,PCB:TO-220-3_Horizontal_TabDown_AccessHole,~
,,,Q6,IRLB3813PBF,Device:Q_NMOS_DGS,PCB:TO-220-3_Horizontal_TabDown_AccessHole,~
,,,Q7,IRLB3813PBF,Device:Q_NMOS_DGS,PCB:TO-220-3_Horizontal_TabDown_AccessHole,~
,,,Q8,IRLB3813PBF,Device:Q_NMOS_DGS,PCB:TO-220-3_Horizontal_TabDown_AccessHole,~
,,,Q9,IRLB3813PBF,Device:Q_NMOS_DGS,PCB:TO-220-3_Horizontal_TabDown_AccessHole,~
,,,Q10,IRLB3813PBF,Device:Q_NMOS_DGS,PCB:TO-220-3_Horizontal_TabDown_AccessHole,~
,,,Q11,IRLB3813PBF,Device:Q_NMOS_DGS,PCB:TO-220-3_Horizontal_TabDown_AccessHole,~
,,,Q12,IRLB3813PbF,Device:Q_NMOS_DGS,PCB:TO-220-3_Horizontal_TabDown_AccessHole,~
,,,Q13,IRLB3813PbF,Device:Q_NMOS_DGS,PCB:TO-220-3_Horizontal_TabDown_AccessHole,~
,,,Q14,IRLB3813PbF,Device:Q_NMOS_DGS,PCB:TO-220-3_Horizontal_TabDown_AccessHole,~
,,,Q15,IRLB3813PbF,Device:Q_NMOS_DGS,PCB:TO-220-3_Horizontal_TabDown_AccessHole,~
,,,Q16,IRLB3813PbF,Device:Q_NMOS_DGS,PCB:TO-220-3_Horizontal_TabDown_AccessHole,~
,,,Q17,IRLB3813PbF,Device:Q_NMOS_DGS,PCB:TO-220-3_Horizontal_TabDown_AccessHole,~
,,,R1,43k,Device:R,Resistor_SMD:R_0603_1608Metric,~
,,,R2,10k,Device:R,Resistor_SMD:R_0603_1608Metric,~
,,,R3,270,Device:R,Resistor_SMD:R_2512_6332Metric,~
,,,R4,137,Device:R,Resistor_SMD:R_1206_3216Metric,~
,,,R5,1k,Device:R,Resistor_SMD:R_1206_3216Metric,~
,,,R6,1M,Device:R,Resistor_SMD:R_0805_2012Metric,~
,,,R7,1M,Device:R,Resistor_SMD:R_0805_2012Metric,~
,,,R8,1M,Device:R,Resistor_SMD:R_0805_2012Metric,~
,,,R9,1M,Device:R,Resistor_SMD:R_0805_2012Metric,~
,,,R10,499,Device:R,Resistor_SMD:R_0603_1608Metric,~
,,,R11,499,Device:R,Resistor_SMD:R_0603_1608Metric,~
,,,R12,499,Device:R,Resistor_SMD:R_0603_1608Metric,~
,,,R13,499,Device:R,Resistor_SMD:R_0603_1608Metric,~
,,,R14,1M,Device:R,Resistor_SMD:R_0805_2012Metric,~
,,,R15,1M,Device:R,Resistor_SMD:R_0805_2012Metric,~
,,,R16,1M,Device:R,Resistor_SMD:R_0805_2012Metric,~
,,,R17,1M,Device:R,Resistor_SMD:R_0805_2012Metric,~
,,,R18,499,Device:R,Resistor_SMD:R_0603_1608Metric,~
,,,R19,499,Device:R,Resistor_SMD:R_0603_1608Metric,~
,,,R20,499,Device:R,Resistor_SMD:R_0603_1608Metric,~
,,,R21,499,Device:R,Resistor_SMD:R_0603_1608Metric,~
,,,R22,1M,Device:R,Resistor_SMD:R_0805_2012Metric,~
,,,R23,1M,Device:R,Resistor_SMD:R_0805_2012Metric,~
,,,R24,1M,Device:R,Resistor_SMD:R_0805_2012Metric,~
,,,R25,1M,Device:R,Resistor_SMD:R_0805_2012Metric,~
,,,R26,499,Device:R,Resistor_SMD:R_0603_1608Metric,~
,,,R27,499,Device:R,Resistor_SMD:R_0603_1608Metric,~
,,,R28,499,Device:R,Resistor_SMD:R_0603_1608Metric,~
,,,R29,499,Device:R,Resistor_SMD:R_0603_1608Metric,~
,,,R30,1M,Device:R,Resistor_SMD:R_0805_2012Metric,~
,,,R31,1M,Device:R,Resistor_SMD:R_0805_2012Metric,~
,,,R32,1M,Device:R,Resistor_SMD:R_0805_2012Metric,~
,,,R33,1M,Device:R,Resistor_SMD:R_0805_2012Metric,~
,,,R34,499,Device:R,Resistor_SMD:R_0603_1608Metric,~
,,,R35,499,Device:R,Resistor_SMD:R_0603_1608Metric,~
,,,R36,499,Device:R,Resistor_SMD:R_0603_1608Metric,~
,,,R37,499,Device:R,Resistor_SMD:R_0603_1608Metric,~
,,,R38,43k,Device:R,Resistor_SMD:R_0805_2012Metric,~
,,,R39,100k,Device:R,Resistor_SMD:R_0805_2012Metric,~
,,,R40,43k,Device:R,Resistor_SMD:R_0805_2012Metric,~
,,,R41,100k,Device:R,Resistor_SMD:R_0805_2012Metric,~
,,,R42,43k,Device:R,Resistor_SMD:R_0805_2012Metric,~
,,,R43,100k,Device:R,Resistor_SMD:R_0805_2012Metric,~
,,,R44,43k,Device:R,Resistor_SMD:R_0805_2012Metric,~
,,,R45,100k,Device:R,Resistor_SMD:R_0805_2012Metric,~
,,,R46,43k,Device:R,Resistor_SMD:R_0805_2012Metric,~
,,,R47,100k,Device:R,Resistor_SMD:R_0805_2012Metric,~
,,,R48,43k,Device:R,Resistor_SMD:R_0805_2012Metric,~
,,,R49,100k,Device:R,Resistor_SMD:R_0805_2012Metric,~
,,,R50,43k,Device:R,Resistor_SMD:R_0805_2012Metric,~
,,,R51,100k,Device:R,Resistor_SMD:R_0805_2012Metric,~
,,,R52,43k,Device:R,Resistor_SMD:R_0805_2012Metric,~
,,,R53,100k,Device:R,Resistor_SMD:R_0805_2012Metric,~
,,,R54,4.7k,Device:R,Resistor_SMD:R_0805_2012Metric,~
,,,R55,4.7k,Device:R,Resistor_SMD:R_0805_2012Metric,~
,,,R56,4.7k,Device:R,Resistor_SMD:R_0805_2012Metric,~
,,,R57,4.7k,Device:R,Resistor_SMD:R_0805_2012Metric,~
,,,R58,43k,Device:R,Resistor_SMD:R_0805_2012Metric,~
,,,R59,100k,Device:R,Resistor_SMD:R_0805_2012Metric,~
,,,R60,43k,Device:R,Resistor_SMD:R_0805_2012Metric,~
,,,R61,100k,Device:R,Resistor_SMD:R_0805_2012Metric,~
,,,R62,4.7k,Device:R,Resistor_SMD:R_0805_2012Metric,~
,,,R63,4.7k,Device:R,Resistor_SMD:R_0805_2012Metric,~
,,,R64,4.7k,Device:R,Resistor_SMD:R_0805_2012Metric,~
,,,R65,4.7k,Device:R,Resistor_SMD:R_0805_2012Metric,~
,,,R66,43k,Device:R,Resistor_SMD:R_0805_2012Metric,~
,,,R67,100k,Device:R,Resistor_SMD:R_0805_2012Metric,~
,,,R68,43k,Device:R,Resistor_SMD:R_0805_2012Metric,~
,,,R69,100k,Device:R,Resistor_SMD:R_0805_2012Metric,~
,,,R70,43k,Device:R,Resistor_SMD:R_0805_2012Metric,~
,,,R71,100k,Device:R,Resistor_SMD:R_0805_2012Metric,~
,,,R72,43k,Device:R,Resistor_SMD:R_0805_2012Metric,~
,,,R73,100k,Device:R,Resistor_SMD:R_0805_2012Metric,~
,,,R74,43k,Device:R,Resistor_SMD:R_0805_2012Metric,~
,,,R75,100k,Device:R,Resistor_SMD:R_0805_2012Metric,~
,,,R76,43k,Device:R,Resistor_SMD:R_0805_2012Metric,~
,,,R77,100k,Device:R,Resistor_SMD:R_0805_2012Metric,~
,,,R78,43k,Device:R,Resistor_SMD:R_0805_2012Metric,~
,,,R79,100k,Device:R,Resistor_SMD:R_0805_2012Metric,~
,,,R80,43k,Device:R,Resistor_SMD:R_0805_2012Metric,~
,,,R81,100k,Device:R,Resistor_SMD:R_0805_2012Metric,~
,,,R82,10k,Device:R,Resistor_SMD:R_0603_1608Metric,~
,,,R83,100k,Device:R,Resistor_SMD:R_0805_2012Metric,~
,,,R84,43k,Device:R,Resistor_SMD:R_0805_2012Metric,~
,,,R85,100k,Device:R,Resistor_SMD:R_0805_2012Metric,~
,,,R86,43k,Device:R,Resistor_SMD:R_0805_2012Metric,~
,,,R87,10k,Device:R,Resistor_SMD:R_0603_1608Metric,~
,,,R88,10k,Device:R,Resistor_SMD:R_0603_1608Metric,~
,,,R89,10k,Device:R,Resistor_SMD:R_0603_1608Metric,~
,,,R90,10k,Device:R,Resistor_SMD:R_0603_1608Metric,~
,,,R91,10k,Device:R,Resistor_SMD:R_0603_1608Metric,~
,,,R92,10k,Device:R,Resistor_SMD:R_0603_1608Metric,~
,,,R93,10k,Device:R,Resistor_SMD:R_0603_1608Metric,~
,,,R94,1M,Device:R,Resistor_SMD:R_0805_2012Metric,~
,,,R95,1M,Device:R,Resistor_SMD:R_0805_2012Metric,~
,,,R96,1M,Device:R,Resistor_SMD:R_0805_2012Metric,~
,,,R97,1M,Device:R,Resistor_SMD:R_0805_2012Metric,~
,,,R98,499,Device:R,Resistor_SMD:R_0603_1608Metric,~
,,,R99,499,Device:R,Resistor_SMD:R_0603_1608Metric,~
,,,R100,499,Device:R,Resistor_SMD:R_0603_1608Metric,~
,,,R101,499,Device:R,Resistor_SMD:R_0603_1608Metric,~
,,,R102,1M,Device:R,Resistor_SMD:R_0805_2012Metric,~
,,,R103,1M,Device:R,Resistor_SMD:R_0805_2012Metric,~
,,,R104,1M,Device:R,Resistor_SMD:R_0805_2012Metric,~
,,,R105,1M,Device:R,Resistor_SMD:R_0805_2012Metric,~
,,,R106,499,Device:R,Resistor_SMD:R_0603_1608Metric,~
,,,R107,499,Device:R,Resistor_SMD:R_0603_1608Metric,~
,,,R108,499,Device:R,Resistor_SMD:R_0603_1608Metric,~
,,,R109,499,Device:R,Resistor_SMD:R_0603_1608Metric,~
,,,R110,1M,Device:R,Resistor_SMD:R_0805_2012Metric,~
,,,R111,1M,Device:R,Resistor_SMD:R_0805_2012Metric,~
,,,R112,1M,Device:R,Resistor_SMD:R_0805_2012Metric,~
,,,R113,1M,Device:R,Resistor_SMD:R_0805_2012Metric,~
,,,R114,499,Device:R,Resistor_SMD:R_0603_1608Metric,~
,,,R115,499,Device:R,Resistor_SMD:R_0603_1608Metric,~
,,,R116,499,Device:R,Resistor_SMD:R_0603_1608Metric,~
,,,R117,499,Device:R,Resistor_SMD:R_0603_1608Metric,~
,,,R118,1M,Device:R,Resistor_SMD:R_0805_2012Metric,~
,,,R119,1M,Device:R,Resistor_SMD:R_0805_2012Metric,~
,,,R120,1M,Device:R,Resistor_SMD:R_0805_2012Metric,~
,,,R121,1M,Device:R,Resistor_SMD:R_0805_2012Metric,~
,,,R122,499,Device:R,Resistor_SMD:R_0603_1608Metric,~
,,,R123,499,Device:R,Resistor_SMD:R_0603_1608Metric,~
,,,R124,499,Device:R,Resistor_SMD:R_0603_1608Metric,~
,,,R125,499,Device:R,Resistor_SMD:R_0603_1608Metric,~
,,,R126,4.7k,Device:R,Resistor_SMD:R_0805_2012Metric,~
,,,R127,4.7k,Device:R,Resistor_SMD:R_0805_2012Metric,~
,,,R128,43k,Device:R,Resistor_SMD:R_0805_2012Metric,~
,,,R129,100k,Device:R,Resistor_SMD:R_0805_2012Metric,~
,,,R130,4.7k,Device:R,Resistor_SMD:R_0805_2012Metric,~
,,,R131,4.7k,Device:R,Resistor_SMD:R_0805_2012Metric,~
,,,R132,4.7k,Device:R,Resistor_SMD:R_0805_2012Metric,~
,,,R133,100k,Device:R,Resistor_SMD:R_0805_2012Metric,~
,,,R134,4.7k,Device:R,Resistor_SMD:R_0805_2012Metric,~
,,,R135,4.7k,Device:R,Resistor_SMD:R_0805_2012Metric,~
,,,R136,4.7k,Device:R,Resistor_SMD:R_0805_2012Metric,~
,,,R137,4.7k,Device:R,Resistor_SMD:R_0805_2012Metric,~
,,,R138,43k,Device:R,Resistor_SMD:R_0805_2012Metric,~
,,,R139,100k,Device:R,Resistor_SMD:R_0805_2012Metric,~
,,,R140,43k,Device:R,Resistor_SMD:R_0805_2012Metric,~
,,,R141,100k,Device:R,Resistor_SMD:R_0805_2012Metric,~
,,,R142,4.7k,Device:R,Resistor_SMD:R_0805_2012Metric,~
,,,R143,4.7k,Device:R,Resistor_SMD:R_0805_2012Metric,~
,,,R144,4.7k,Device:R,Resistor_SMD:R_0805_2012Metric,~
,,,R145,4.7k,Device:R,Resistor_SMD:R_0805_2012Metric,~
,,,R146,4.7k,Device:R,Resistor_SMD:R_0805_2012Metric,~
,,,R147,4.7k,Device:R,Resistor_SMD:R_0805_2012Metric,~
,,,R148,4.7k,Device:R,Resistor_SMD:R_0805_2012Metric,~
,,,R149,4.7k,Device:R,Resistor_SMD:R_0805_2012Metric,~
,,,R150,43k,Device:R,Resistor_SMD:R_0805_2012Metric,~
,,,R151,100k,Device:R,Resistor_SMD:R_0805_2012Metric,~
,,,R152,43k,Device:R,Resistor_SMD:R_0805_2012Metric,~
,,,R153,100k,Device:R,Resistor_SMD:R_0805_2012Metric,~
,,,R154,4.7k,Device:R,Resistor_SMD:R_0805_2012Metric,~
,,,R155,4.7k,Device:R,Resistor_SMD:R_0805_2012Metric,~
,,,R156,4.7k,Device:R,Resistor_SMD:R_0805_2012Metric,~
,,,R157,4.7k,Device:R,Resistor_SMD:R_0805_2012Metric,~
,,,R158,4.7k,Device:R,Resistor_SMD:R_0805_2012Metric,~
,,,R159,4.7k,Device:R,Resistor_SMD:R_0805_2012Metric,~
,,,R160,4.7k,Device:R,Resistor_SMD:R_0805_2012Metric,~
,,,R161,4.7k,Device:R,Resistor_SMD:R_0805_2012Metric,~
,,,R162,43k,Device:R,Resistor_SMD:R_0805_2012Metric,~
,,,R163,100k,Device:R,Resistor_SMD:R_0805_2012Metric,~
,,,R164,43k,Device:R,Resistor_SMD:R_0805_2012Metric,~
,,,R165,100k,Device:R,Resistor_SMD:R_0805_2012Metric,~
,,,R166,4.7k,Device:R,Resistor_SMD:R_0805_2012Metric,~
,,,R167,4.7k,Device:R,Resistor_SMD:R_0805_2012Metric,~
,,,R168,4.7k,Device:R,Resistor_SMD:R_0805_2012Metric,~
,,,R169,4.7k,Device:R,Resistor_SMD:R_0805_2012Metric,~
,,,SW1,RESET_SW,Switch:SW_Push,PCB:SW_SPST_TL3305C,~
,,,TPT1+1,TestPoint,Connector:TestPoint,TestPoint:TestPoint_Pad_1.0x1.0mm,~
,,,TPT1+2,TestPoint,Connector:TestPoint,TestPoint:TestPoint_Pad_1.0x1.0mm,~
,,,TPT1+3,TestPoint,Connector:TestPoint,TestPoint:TestPoint_Pad_1.0x1.0mm,~
,,,TPT1+4,TestPoint,Connector:TestPoint,TestPoint:TestPoint_Pad_1.0x1.0mm,~
,,,TPT1+5,TestPoint,Connector:TestPoint,TestPoint:TestPoint_Pad_1.0x1.0mm,~
,,,TPT1+6,TestPoint,Connector:TestPoint,TestPoint:TestPoint_Pad_1.0x1.0mm,~
,,,TPT1+7,TestPoint,Connector:TestPoint,TestPoint:TestPoint_Pad_1.0x1.0mm,~
,,,TPT1+8,TestPoint,Connector:TestPoint,TestPoint:TestPoint_Pad_1.0x1.0mm,~
,,,TPT1-1,TestPoint,Connector:TestPoint,TestPoint:TestPoint_Pad_1.0x1.0mm,~
,,,TPT1-2,TestPoint,Connector:TestPoint,TestPoint:TestPoint_Pad_1.0x1.0mm,~
,,,TPT1-3,TestPoint,Connector:TestPoint,TestPoint:TestPoint_Pad_1.0x1.0mm,~
,,,TPT1-4,TestPoint,Connector:TestPoint,TestPoint:TestPoint_Pad_1.0x1.0mm,~
,,,TPT1-5,TestPoint,Connector:TestPoint,TestPoint:TestPoint_Pad_1.0x1.0mm,~
,,,TPT1-6,TestPoint,Connector:TestPoint,TestPoint:TestPoint_Pad_1.0x1.0mm,~
,,,TPT1-7,TestPoint,Connector:TestPoint,TestPoint:TestPoint_Pad_1.0x1.0mm,~
,,,TPT1-8,TestPoint,Connector:TestPoint,TestPoint:TestPoint_Pad_1.0x1.0mm,~
,,,TPT2+1,TestPoint,Connector:TestPoint,TestPoint:TestPoint_Pad_1.0x1.0mm,~
,,,TPT2+2,TestPoint,Connector:TestPoint,TestPoint:TestPoint_Pad_1.0x1.0mm,~
,,,TPT2+3,TestPoint,Connector:TestPoint,TestPoint:TestPoint_Pad_1.0x1.0mm,~
,,,TPT2+4,TestPoint,Connector:TestPoint,TestPoint:TestPoint_Pad_1.0x1.0mm,~
,,,TPT2+5,TestPoint,Connector:TestPoint,TestPoint:TestPoint_Pad_1.0x1.0mm,~
,,,TPT2+6,TestPoint,Connector:TestPoint,TestPoint:TestPoint_Pad_1.0x1.0mm,~
,,,TPT2+7,TestPoint,Connector:TestPoint,TestPoint:TestPoint_Pad_1.0x1.0mm,~
,,,TPT2+8,TestPoint,Connector:TestPoint,TestPoint:TestPoint_Pad_1.0x1.0mm,~
,,,TPT2-1,TestPoint,Connector:TestPoint,TestPoint:TestPoint_Pad_1.0x1.0mm,~
,,,TPT2-2,TestPoint,Connector:TestPoint,TestPoint:TestPoint_Pad_1.0x1.0mm,~
,,,TPT2-3,TestPoint,Connector:TestPoint,TestPoint:TestPoint_Pad_1.0x1.0mm,~
,,,TPT2-4,TestPoint,Connector:TestPoint,TestPoint:TestPoint_Pad_1.0x1.0mm,~
,,,TPT2-5,TestPoint,Connector:TestPoint,TestPoint:TestPoint_Pad_1.0x1.0mm,~
,,,TPT2-6,TestPoint,Connector:TestPoint,TestPoint:TestPoint_Pad_1.0x1.0mm,~
,,,TPT2-7,TestPoint,Connector:TestPoint,TestPoint:TestPoint_Pad_1.0x1.0mm,~
,,,TPT2-8,TestPoint,Connector:TestPoint,TestPoint:TestPoint_Pad_1.0x1.0mm,~
,,,TPV+1,TestPoint,Connector:TestPoint,TestPoint:TestPoint_Pad_1.0x1.0mm,~
,,,TPV+2,TestPoint,Connector:TestPoint,TestPoint:TestPoint_Pad_1.0x1.0mm,~
,,,TPV+3,TestPoint,Connector:TestPoint,TestPoint:TestPoint_Pad_1.0x1.0mm,~
,,,TPV+4,TestPoint,Connector:TestPoint,TestPoint:TestPoint_Pad_1.0x1.0mm,~
,,,TPV+5,TestPoint,Connector:TestPoint,TestPoint:TestPoint_Pad_1.0x1.0mm,~
,,,TPV+6,TestPoint,Connector:TestPoint,TestPoint:TestPoint_Pad_1.0x1.0mm,~
,,,TPV+7,TestPoint,Connector:TestPoint,TestPoint:TestPoint_Pad_1.0x1.0mm,~
,,,TPV+8,TestPoint,Connector:TestPoint,TestPoint:TestPoint_Pad_1.0x1.0mm,~
,,,TPV-1,TestPoint,Connector:TestPoint,TestPoint:TestPoint_Pad_1.0x1.0mm,~
,,,TPV-2,TestPoint,Connector:TestPoint,TestPoint:TestPoint_Pad_1.0x1.0mm,~
,,,TPV-3,TestPoint,Connector:TestPoint,TestPoint:TestPoint_Pad_1.0x1.0mm,~
,,,TPV-4,TestPoint,Connector:TestPoint,TestPoint:TestPoint_Pad_1.0x1.0mm,~
,,,TPV-5,TestPoint,Connector:TestPoint,TestPoint:TestPoint_Pad_1.0x1.0mm,~
,,,TPV-6,TestPoint,Connector:TestPoint,TestPoint:TestPoint_Pad_1.0x1.0mm,~
,,,TPV-7,TestPoint,Connector:TestPoint,TestPoint:TestPoint_Pad_1.0x1.0mm,~
,,,TPV-8,TestPoint,Connector:TestPoint,TestPoint:TestPoint_Pad_1.0x1.0mm,~
,,,TPVA1,TestPoint,Connector:TestPoint,TestPoint:TestPoint_Pad_1.0x1.0mm,~
,,,TPVA2,TestPoint,Connector:TestPoint,TestPoint:TestPoint_Pad_1.0x1.0mm,~
,,,TPVA3,TestPoint,Connector:TestPoint,TestPoint:TestPoint_Pad_1.0x1.0mm,~
,,,TPVA4,TestPoint,Connector:TestPoint,TestPoint:TestPoint_Pad_1.0x1.0mm,~
,,,TPVA5,TestPoint,Connector:TestPoint,TestPoint:TestPoint_Pad_1.0x1.0mm,~
,,,TPVA6,TestPoint,Connector:TestPoint,TestPoint:TestPoint_Pad_1.0x1.0mm,~
,,,TPVA7,TestPoint,Connector:TestPoint,TestPoint:TestPoint_Pad_1.0x1.0mm,~
,,,TPVA8,TestPoint,Connector:TestPoint,TestPoint:TestPoint_Pad_1.0x1.0mm,~
,,,TPVAD1,TestPoint,Connector:TestPoint,TestPoint:TestPoint_Pad_1.0x1.0mm,~
,,,TPVAD2,TestPoint,Connector:TestPoint,TestPoint:TestPoint_Pad_1.0x1.0mm,~
,,,TPVAD3,TestPoint,Connector:TestPoint,TestPoint:TestPoint_Pad_1.0x1.0mm,~
,,,TPVAD4,TestPoint,Connector:TestPoint,TestPoint:TestPoint_Pad_1.0x1.0mm,~
,,,TPVAD5,TestPoint,Connector:TestPoint,TestPoint:TestPoint_Pad_1.0x1.0mm,~
,,,TPVAD6,TestPoint,Connector:TestPoint,TestPoint:TestPoint_Pad_1.0x1.0mm,~
,,,TPVAD7,TestPoint,Connector:TestPoint,TestPoint:TestPoint_Pad_1.0x1.0mm,~
,,,TPVAD8,TestPoint,Connector:TestPoint,TestPoint:TestPoint_Pad_1.0x1.0mm,~
,,,TPVGs1,TestPoint,Connector:TestPoint,TestPoint:TestPoint_Pad_1.0x1.0mm,~
,,,TPVGs2,TestPoint,Connector:TestPoint,TestPoint:TestPoint_Pad_1.0x1.0mm,~
,,,TPVGs3,TestPoint,Connector:TestPoint,TestPoint:TestPoint_Pad_1.0x1.0mm,~
,,,TPVGs4,TestPoint,Connector:TestPoint,TestPoint:TestPoint_Pad_1.0x1.0mm,~
,,,TPVGs5,TestPoint,Connector:TestPoint,TestPoint:TestPoint_Pad_1.0x1.0mm,~
,,,TPVGs6,TestPoint,Connector:TestPoint,TestPoint:TestPoint_Pad_1.0x1.0mm,~
,,,TPVGs7,TestPoint,Connector:TestPoint,TestPoint:TestPoint_Pad_1.0x1.0mm,~
,,,TPVGs8,TestPoint,Connector:TestPoint,TestPoint:TestPoint_Pad_1.0x1.0mm,~
,,,TPVP1,TestPoint,Connector:TestPoint,TestPoint:TestPoint_Pad_1.0x1.0mm,~
,,,TPVP2,TestPoint,Connector:TestPoint,TestPoint:TestPoint_Pad_1.0x1.0mm,~
,,,TPVP3,TestPoint,Connector:TestPoint,TestPoint:TestPoint_Pad_1.0x1.0mm,~
,,,TPVP4,TestPoint,Connector:TestPoint,TestPoint:TestPoint_Pad_1.0x1.0mm,~
,,,TPVP5,TestPoint,Connector:TestPoint,TestPoint:TestPoint_Pad_1.0x1.0mm,~
,,,TPVP6,TestPoint,Connector:TestPoint,TestPoint:TestPoint_Pad_1.0x1.0mm,~
,,,TPVP7,TestPoint,Connector:TestPoint,TestPoint:TestPoint_Pad_1.0x1.0mm,~
,,,TPVP8,TestPoint,Connector:TestPoint,TestPoint:TestPoint_Pad_1.0x1.0mm,~
,,,TPVS+1,TestPoint,Connector:TestPoint,TestPoint:TestPoint_Pad_1.0x1.0mm,~
,,,TPVS-1,TestPoint,Connector:TestPoint,TestPoint:TestPoint_Pad_1.0x1.0mm,~
,,,U1,LM431ACM3_NOPB,LM431:LM431ACM3_NOPB,Package_TO_SOT_SMD:SOT-23,
,,,U2,LM1117-ADJ,Regulator_Linear:LM1117-ADJ,PCB:TO-220-3_Horizontal_TabDown_AccessHole,http://www.ti.com/lit/ds/symlink/lm1117.pdf
,,,U3,uA7805,Regulator_Linear:uA7805,PCB:TO-220-3_Horizontal_TabDown_AccessHole,http://www.ti.com/lit/ds/symlink/ua78.pdf
,,,U4,ADS1118IDGS,Analog_ADC:ADS1118IDGS,Package_SO:VSSOP-10_3x3mm_P0.5mm,http://www.ti.com/lit/ds/symlink/ads1118.pdf
,,,U5,ADS1118IDGS,Analog_ADC:ADS1118IDGS,Package_SO:VSSOP-10_3x3mm_P0.5mm,http://www.ti.com/lit/ds/symlink/ads1118.pdf
,,,U6,ADS1118IDGS,Analog_ADC:ADS1118IDGS,Package_SO:VSSOP-10_3x3mm_P0.5mm,http://www.ti.com/lit/ds/symlink/ads1118.pdf
,,,U7,ADS1118IDGS,Analog_ADC:ADS1118IDGS,Package_SO:VSSOP-10_3x3mm_P0.5mm,http://www.ti.com/lit/ds/symlink/ads1118.pdf
,,,U8,ADC124S021CIMM_NOPB,ADC124S021:ADC124S021CIMM_NOPB,Package_SO:VSSOP-10_3x3mm_P0.5mm,
,,,U9,INA250A4PW,INA250:INA250A1PW,Package_SO:TSSOP-16_4.4x5mm_P0.65mm,
,,,U10,INA250A4PW,INA250:INA250A1PW,Package_SO:TSSOP-16_4.4x5mm_P0.65mm,
,,,U11,INA250A4PW,INA250:INA250A1PW,Package_SO:TSSOP-16_4.4x5mm_P0.65mm,
,,,U12,INA250A4PW,INA250:INA250A1PW,Package_SO:TSSOP-16_4.4x5mm_P0.65mm,
,,,U13,ADC124S021CIMM_NOPB,ADC124S021:ADC124S021CIMM_NOPB,Package_SO:VSSOP-10_3x3mm_P0.5mm,
,,,U14,INA250A4PW,INA250:INA250A1PW,Package_SO:TSSOP-16_4.4x5mm_P0.65mm,
,,,U15,INA250A4PW,INA250:INA250A1PW,Package_SO:TSSOP-16_4.4x5mm_P0.65mm,
,,,U16,INA250A4PW,INA250:INA250A1PW,Package_SO:TSSOP-16_4.4x5mm_P0.65mm,
,,,U17,INA250A4PW,INA250:INA250A1PW,Package_SO:TSSOP-16_4.4x5mm_P0.65mm,
,,,U18,ADC124S021CIMM_NOPB,ADC124S021:ADC124S021CIMM_NOPB,Package_SO:VSSOP-10_3x3mm_P0.5mm,
,,,U19,INA250A4PW,INA250:INA250A1PW,Package_SO:TSSOP-16_4.4x5mm_P0.65mm,
,,,U20,INA250A4PW,INA250:INA250A1PW,Package_SO:TSSOP-16_4.4x5mm_P0.65mm,
,,,U21,INA250A4PW,INA250:INA250A1PW,Package_SO:TSSOP-16_4.4x5mm_P0.65mm,
,,,U22,INA250A4PW,INA250:INA250A1PW,Package_SO:TSSOP-16_4.4x5mm_P0.65mm,
,,,U23,ADC124S021CIMM_NOPB,ADC124S021:ADC124S021CIMM_NOPB,Package_SO:VSSOP-10_3x3mm_P0.5mm,
,,,U24,INA250A4PW,INA250:INA250A1PW,Package_SO:TSSOP-16_4.4x5mm_P0.65mm,
,,,U25,INA250A4PW,INA250:INA250A1PW,Package_SO:TSSOP-16_4.4x5mm_P0.65mm,
,,,U26,INA250A4PW,INA250:INA250A1PW,Package_SO:TSSOP-16_4.4x5mm_P0.65mm,
,,,U27,INA250A4PW,INA250:INA250A1PW,Package_SO:TSSOP-16_4.4x5mm_P0.65mm,
,,,U28,LM358,Amplifier_Operational:LM358,Package_SO:SOIC-8_3.9x4.9mm_P1.27mm,
,,,U29,ADC124S021CIMM_NOPB,ADC124S021:ADC124S021CIMM_NOPB,Package_SO:VSSOP-10_3x3mm_P0.5mm,
,,,U30,INA250A1PW,INA250:INA250A1PW,Package_SO:TSSOP-16_4.4x5mm_P0.65mm,
,,,U31,INA250A1PW,INA250:INA250A1PW,Package_SO:TSSOP-16_4.4x5mm_P0.65mm,
,,,U32,ADS1118IDGS,Analog_ADC:ADS1118IDGS,Package_SO:VSSOP-10_3x3mm_P0.5mm,http://www.ti.com/lit/ds/symlink/ads1118.pdf
,,,U33,ADS1118IDGS,Analog_ADC:ADS1118IDGS,Package_SO:VSSOP-10_3x3mm_P0.5mm,http://www.ti.com/lit/ds/symlink/ads1118.pdf
,,,U34,ADS1118IDGS,Analog_ADC:ADS1118IDGS,Package_SO:VSSOP-10_3x3mm_P0.5mm,http://www.ti.com/lit/ds/symlink/ads1118.pdf
,,,U35,ADS1118IDGS,Analog_ADC:ADS1118IDGS,Package_SO:VSSOP-10_3x3mm_P0.5mm,http://www.ti.com/lit/ds/symlink/ads1118.pdf
,,,U36,LM358,Amplifier_Operational:LM358,Package_SO:SOIC-8_3.9x4.9mm_P1.27mm,
,,,U37,LM358,Amplifier_Operational:LM358,Package_SO:SOIC-8_3.9x4.9mm_P1.27mm,
,,,U38,LM358,Amplifier_Operational:LM358,Package_SO:SOIC-8_3.9x4.9mm_P1.27mm,
,,,U39,LM358,Amplifier_Operational:LM358,Package_SO:SOIC-8_3.9x4.9mm_P1.27mm,
,,,XA1,Arduino_Mega2560_Shield,arduino:Arduino_Mega2560_Shield,Arduino:Arduino_Mega2560_Socket,https://store.arduino.cc/arduino-mega-2560-rev3
,,,,,,,
,,,,,,,
,,,,,,,
Collated Components:,,,,,,,
,,,,,,,
Item,,Qty,Reference(s),Value,LibPart,Footprint,Datasheet
1,200,71,"C1, C6, C8, C9, C10, C11, C12, C15, C16, C17, C18, C19, C22, C23, C24, C25, C26, C29, C30, C31, C32, C33, C36, C37, C38, C39, C40, C41, C42, C43, C44, C45, C46, C47, C48, C49, C50, C51, C52, C53, C54, C55, C56, C65, C66, C67, C68, C69, C70, C71, C72, C75, C76, C77, C78, C79, C82, C83, C84, C85, C86, C89, C90, C91, C92, C93, C96, C97, C110, C119, C128",0.1uF,Device:C,Capacitor_SMD:C_0402_1005Metric,~
2,10,1,C2,100uF,Device:C,Capacitor_SMD:C_0805_2012Metric,~
3,50,19,"C3, C57, C58, C59, C60, C98, C99, C102, C103, C104, C105, C111, C112, C113, C114, C120, C121, C122, C123",330nF,Device:C,Capacitor_SMD:C_0603_1608Metric,~
4,10,1,C4,33uF,Device:C,Capacitor_SMD:C_0805_2012Metric,~
5,10,2,"C5, C7",100uF,Device:C,Capacitor_SMD:C_1210_3225Metric,~
6,100,16,"C13, C14, C20, C21, C27, C28, C34, C35, C73, C74, C80, C81, C87, C88, C94, C95",1uF,Device:C,Capacitor_SMD:C_0402_1005Metric,~
7,100,9,"C61, C62, C100, C106, C107, C115, C116, C124, C125",0.1nF,Device:C,Capacitor_SMD:C_0402_1005Metric,~
8,,9,"C63, C64, C101, C108, C109, C117, C118, C126, C127",NU,Device:C,Capacitor_SMD:C_0402_1005Metric,~
9,,1,D1,FSV1045V,pspice:DIODE,Package_TO_SOT_SMD:TO-277A,~
10,100,18,"D2, D3, D4, D5, D6, D7, D8, D9, D10, D11, D12, D13, D14, D15, D16, D17, D18, D19",SMAJ9.0CA-E3/61,Device:D_TVS,Diode_SMD:D_SMA,~
11,10,1,F1,0225004.HXUP,Device:Fuse,PCB:Fuse5x15mm,~
12,10,2,"F2, F3",2JQ 500-R,Device:Fuse,PCB:Fuse5x15mm,~
13,10,3,"J1, J2, J3",PASSIVE_CHANNELS,Connector:Screw_Terminal_01x16,"TerminalBlock_Phoenix:TerminalBlock_Phoenix_PT-1,5-16-5.0-H_1x16_P5.00mm_Horizontal",~
14,,1,J4,12V+,Connector:Screw_Terminal_01x01,PCB:30ATerminal,~
15,,1,J5,12V-,Connector:Screw_Terminal_01x01,PCB:30ATerminal,~
16,25,3,"J6, J7, J9",5V_PI,Connector:Screw_Terminal_01x02,"TerminalBlock_Phoenix:TerminalBlock_Phoenix_PT-1,5-2-5.0-H_1x02_P5.00mm_Horizontal",~
17,10,1,J8,ACTIVE_5W_CHANNELS,Connector:Screw_Terminal_01x16,"TerminalBlock_Phoenix:TerminalBlock_Phoenix_PT-1,5-16-5.0-H_1x16_P5.00mm_Horizontal",~
18,10,1,J10,USB_RASPBERRY,Connector:USB_A,PCB:USB_A_Stewart_SS-52100-001_Horizontal, ~
19,10,1,J11,USB_ARDUINO,Connector:USB_A,PCB:USB_A_Stewart_SS-52100-001_Horizontal, ~
20,,1,J12,100W_ch+,Connector:Screw_Terminal_01x01,PCB:30ATerminal,~
21,,1,J13,100W_ch-,Connector:Screw_Terminal_01x01,PCB:30ATerminal,~
22,25,1,J14,100W_sense,Connector:Screw_Terminal_01x02,"TerminalBlock_Phoenix:TerminalBlock_Phoenix_PT-1,5-2-5.0-H_1x02_P5.00mm_Horizontal",~
23,25,1,J15,PowerMosGate,Connector:Screw_Terminal_01x02,"TerminalBlock_Phoenix:TerminalBlock_Phoenix_PT-1,5-2-5.0-H_1x02_P5.00mm_Horizontal",~
24,,1,J16,PowerMosDrain,Connector:Screw_Terminal_01x01,PCB:30ATerminal,~
25,,1,J17,PowerMosSource,Connector:Screw_Terminal_01x01,PCB:30ATerminal,~
26,,1,L1,MMZ2012R601AT000,Device:L,Inductor_SMD:L_0805_2012Metric_Pad1.15x1.40mm_HandSolder,~
27,,18,"L2, L3, L4, L5, L6, L7, L8, L9, L10, L11, L12, L13, L14, L15, L16, L17, L18, L19",L,Device:L,PCB:TraceInductor,~
28,10,1,Q1,BT137-600,Triac_Thyristor:BT136-600,PCB:TO-220-3_Horizontal_TabDown_AccessHole,http://www.ween-semi.com/sites/default/files/2018-10/bt136-600.pdf
29,40,8,"Q2, Q3, Q12, Q13, Q14, Q15, Q16, Q17",IRLB3813PbF,Device:Q_NMOS_DGS,PCB:TO-220-3_Horizontal_TabDown_AccessHole,~
30,40,8,"Q4, Q5, Q6, Q7, Q8, Q9, Q10, Q11",IRLB3813PBF,Device:Q_NMOS_DGS,PCB:TO-220-3_Horizontal_TabDown_AccessHole,~
31,,1,R1,43k,Device:R,Resistor_SMD:R_0603_1608Metric,~
32,100,9,"R2, R82, R87, R88, R89, R90, R91, R92, R93",10k,Device:R,Resistor_SMD:R_0603_1608Metric,~
33,10,1,R3,270,Device:R,Resistor_SMD:R_2512_6332Metric,~
34,10,1,R4,137,Device:R,Resistor_SMD:R_1206_3216Metric,~
35,10,1,R5,1k,Device:R,Resistor_SMD:R_1206_3216Metric,~
36,100,32,"R6, R7, R8, R9, R14, R15, R16, R17, R22, R23, R24, R25, R30, R31, R32, R33, R94, R95, R96, R97, R102, R103, R104, R105, R110, R111, R112, R113, R118, R119, R120, R121",1M,Device:R,Resistor_SMD:R_0805_2012Metric,~
37,100,32,"R10, R11, R12, R13, R18, R19, R20, R21, R26, R27, R28, R29, R34, R35, R36, R37, R98, R99, R100, R101, R106, R107, R108, R109, R114, R115, R116, R117, R122, R123, R124, R125",499,Device:R,Resistor_SMD:R_0603_1608Metric,~
38,100,27,"R38, R40, R42, R44, R46, R48, R50, R52, R58, R60, R66, R68, R70, R72, R74, R76, R78, R80, R84, R86, R128, R138, R140, R150, R152, R162, R164",43k,Device:R,Resistor_SMD:R_0805_2012Metric,~
39,100,28,"R39, R41, R43, R45, R47, R49, R51, R53, R59, R61, R67, R69, R71, R73, R75, R77, R79, R81, R83, R85, R129, R133, R139, R141, R151, R153, R163, R165",100k,Device:R,Resistor_SMD:R_0805_2012Metric,~
40,100,37,"R54, R55, R56, R57, R62, R63, R64, R65, R126, R127, R130, R131, R132, R134, R135, R136, R137, R142, R143, R144, R145, R146, R147, R148, R149, R154, R155, R156, R157, R158, R159, R160, R161, R166, R167, R168, R169",4.7k,Device:R,Resistor_SMD:R_0805_2012Metric,~
41,10,1,SW1,RESET_SW,Switch:SW_Push,PCB:SW_SPST_TL3305C,~
42,,82,"TPT1+1, TPT1+2, TPT1+3, TPT1+4, TPT1+5, TPT1+6, TPT1+7, TPT1+8, TPT1-1, TPT1-2, TPT1-3, TPT1-4, TPT1-5, TPT1-6, TPT1-7, TPT1-8, TPT2+1, TPT2+2, TPT2+3, TPT2+4, TPT2+5, TPT2+6, TPT2+7, TPT2+8, TPT2-1, TPT2-2, TPT2-3, TPT2-4, TPT2-5, TPT2-6, TPT2-7, TPT2-8, TPV+1, TPV+2, TPV+3, TPV+4, TPV+5, TPV+6, TPV+7, TPV+8, TPV-1, TPV-2, TPV-3, TPV-4, TPV-5, TPV-6, TPV-7, TPV-8, TPVA1, TPVA2, TPVA3, TPVA4, TPVA5, TPVA6, TPVA7, TPVA8, TPVAD1, TPVAD2, TPVAD3, TPVAD4, TPVAD5, TPVAD6, TPVAD7, TPVAD8, TPVGs1, TPVGs2, TPVGs3, TPVGs4, TPVGs5, TPVGs6, TPVGs7, TPVGs8, TPVP1, TPVP2, TPVP3, TPVP4, TPVP5, TPVP6, TPVP7, TPVP8, TPVS+1, TPVS-1",TestPoint,Connector:TestPoint,TestPoint:TestPoint_Pad_1.0x1.0mm,~
43,10,1,U1,LM431ACM3_NOPB,LM431:LM431ACM3_NOPB,Package_TO_SOT_SMD:SOT-23,
44,10,1,U2,LM1117-ADJ,Regulator_Linear:LM1117-ADJ,PCB:TO-220-3_Horizontal_TabDown_AccessHole,http://www.ti.com/lit/ds/symlink/lm1117.pdf
45,10,1,U3,uA7805,Regulator_Linear:uA7805,PCB:TO-220-3_Horizontal_TabDown_AccessHole,http://www.ti.com/lit/ds/symlink/ua78.pdf
46,25,8,"U4, U5, U6, U7, U32, U33, U34, U35",ADS1118IDGS,Analog_ADC:ADS1118IDGS,Package_SO:VSSOP-10_3x3mm_P0.5mm,http://www.ti.com/lit/ds/symlink/ads1118.pdf
47,15,5,"U8, U13, U18, U23, U29",ADC124S021CIMM_NOPB,ADC124S021:ADC124S021CIMM_NOPB,Package_SO:VSSOP-10_3x3mm_P0.5mm,
48,40,16,"U9, U10, U11, U12, U14, U15, U16, U17, U19, U20, U21, U22, U24, U25, U26, U27",INA250A4PW,INA250:INA250A1PW,Package_SO:TSSOP-16_4.4x5mm_P0.65mm,
49,25,5,"U28, U36, U37, U38, U39",LM358,Amplifier_Operational:LM358,Package_SO:SOIC-8_3.9x4.9mm_P1.27mm,
50,10,2,"U30, U31",INA250A1PW,INA250:INA250A1PW,Package_SO:TSSOP-16_4.4x5mm_P0.65mm,
51,,1,XA1,Arduino_Mega2560_Shield,arduino:Arduino_Mega2560_Shield,Arduino:Arduino_Mega2560_Socket,https://store.arduino.cc/arduino-mega-2560-rev3
